{"cameraMode":{"drawMode":0,"name":"Shaded","section":"Shading Mode"},"sceneLighting":true,"audioPlay":false,"sceneViewState":{"showFog":true,"showMaterialUpdate":false,"showSkybox":true,"showFlares":true,"showImageEffects":true,"showParticleSystems":true},"in2DMode":false,"pivot":{"x":4.454967021942139,"y":24.060409545898439,"z":7.582275390625},"rotation":{"x":0.038646113127470019,"y":0.9592738747596741,"z":-0.22745323181152345,"w":0.1629885733127594},"size":39.785316467285159,"orthographic":false}