{"cameraMode":{"drawMode":0,"name":"Shaded","section":"Shading Mode"},"sceneLighting":true,"audioPlay":false,"sceneViewState":{"showFog":true,"showMaterialUpdate":false,"showSkybox":true,"showFlares":true,"showImageEffects":true,"showParticleSystems":true},"in2DMode":false,"pivot":{"x":7.972114562988281,"y":6.880666732788086,"z":21.734254837036134},"rotation":{"x":0.014438203535974026,"y":0.9344794154167175,"z":-0.35367298126220705,"w":0.03814862668514252},"size":36.412803649902347,"orthographic":false}