{"cameraMode":{"drawMode":0,"name":"Shaded","section":"Shading Mode"},"sceneLighting":true,"audioPlay":false,"sceneViewState":{"showFog":true,"showMaterialUpdate":false,"showSkybox":true,"showFlares":true,"showImageEffects":true,"showParticleSystems":true},"in2DMode":false,"pivot":{"x":14.844996452331543,"y":12.155027389526368,"z":15.187963485717774},"rotation":{"x":-0.02765723131597042,"y":0.9581615924835205,"z":-0.2670469880104065,"w":-0.09923408180475235},"size":20.54671287536621,"orthographic":false}