{"cameraMode":{"drawMode":0,"name":"Shaded","section":"Shading Mode"},"sceneLighting":true,"audioPlay":false,"sceneViewState":{"showFog":true,"showMaterialUpdate":false,"showSkybox":true,"showFlares":true,"showImageEffects":true,"showParticleSystems":true},"in2DMode":false,"pivot":{"x":2.7624409198760988,"y":-2.00076961517334,"z":3.3043203353881838},"rotation":{"x":-0.10969812422990799,"y":0.8454578518867493,"z":-0.4866730868816376,"w":-0.1905696839094162},"size":51.771942138671878,"orthographic":false}